{
  "test_loss": 2.8931106084187825,
  "test_accuracy": 0.5615,
  "test_mae": 0.5553333333333333
}