{
  "test_loss": 1.8407788810729981,
  "test_accuracy": 0.5976666666666667,
  "test_mae": 0.49266666666666664
}