{
  "test_loss": 2.403361317952474,
  "test_accuracy": 0.2628333333333333,
  "test_mae": 1.27
}