{
  "test_loss": 2.087703727722168,
  "test_accuracy": 0.25416666666666665,
  "test_mae": 1.3251666666666666
}