{
  "test_loss": 1.9611612218221028,
  "test_accuracy": 0.30083333333333334,
  "test_mae": 1.1728333333333334
}