{
  "test_loss": 1.811559824625651,
  "test_accuracy": 0.3451666666666667,
  "test_mae": 0.978
}