{
  "test_loss": 2.1698061218261717,
  "test_accuracy": 0.2806666666666667,
  "test_mae": 1.2478333333333333
}