{
  "test_loss": 2.0144851404825848,
  "test_accuracy": 0.3625,
  "test_mae": 0.9416666666666667
}