{
  "test_loss": 1.5446476033528647,
  "test_accuracy": 0.5206666666666667,
  "test_mae": 0.6113333333333333
}