{
  "test_loss": 1.5766227645874022,
  "test_accuracy": 0.45216666666666666,
  "test_mae": 0.7326666666666667
}