{
  "sum_accuracy": 0.9086666666666666,
  "mae": 0.4023333333333333,
  "split": "val",
  "checkpoint": "checkpoints/spatial_attention_best.pth",
  "avg_digit_accuracy": 0.9625833333333333,
  "digit_accuracies": [
    0.9703333333333334,
    0.9616666666666667,
    0.9493333333333334,
    0.969
  ]
}