{
  "test_loss": 2.0589638315836587,
  "test_accuracy": 0.2853333333333333,
  "test_mae": 1.2101666666666666
}