{
  "test_loss": 2.1011892013549804,
  "test_accuracy": 0.38316666666666666,
  "test_mae": 0.8706666666666667
}