{
  "test_loss": 2.491295265197754,
  "test_accuracy": 0.4713333333333333,
  "test_mae": 0.6993333333333334
}